{"cameraMode":{"drawMode":0,"name":"Shaded","section":"Shading Mode"},"sceneLighting":true,"audioPlay":false,"sceneViewState":{"m_AlwaysRefresh":false,"showFog":true,"showSkybox":true,"showFlares":true,"showImageEffects":true,"showParticleSystems":true,"showVisualEffectGraphs":true,"m_FxEnabled":true},"in2DMode":false,"pivot":{"x":-19.436840057373048,"y":13.264278411865235,"z":-5.383029937744141},"rotation":{"x":-0.06844761222600937,"y":0.8939480185508728,"z":-0.41802799701690676,"w":-0.14637447893619538},"size":165.63540649414063,"orthographic":false}